Company,Phone,Website,Email,Street,Status,Rating
Validation Suite Test Business,+91 98765 43210,https://example-validation-business.com,contact@example-validation-business.com,"100 Beach Road, Puducherry",Open - Not Contacted,D
Zazzle Salon - Madurai,07305986298,https://zazzlesalon.com/,info.zazzlesalon@gmail.com,"Flat no : 402, LG Complex, 403, 9th Main Rd, opposite Phil's Bistro, KK Nagar, Madurai, Tamil Nadu 625020",Open - Not Contacted,D
Green Trends Unisex Hair & Style Salon,06379655151,https://salons.mygreentrends.in/salon-in-kk-nagar-madurai-tamilnadu,,"401, 9th Main Rd, opp. Rajmahal Marriage Hall, Managiri, KK Nagar, Madurai, Tamil Nadu 625020",Open - Not Contacted,D
Scissors Salon & SPA ( Unisex),08124429914,,,"14, Noyes school complex, PT Rajan Rd, Narimedu, Madurai, Tamil Nadu 625002",Open - Not Contacted,D
"Cheap and Best men's salon , Madurai Bypass Road",09159400030,,,"30/c, First Floor, Bypass Rd, near Aparna Towers, Madurai, Tamil Nadu 625016",Open - Not Contacted,D
"Green Trends Unisex Salon, Anna Nagar, Madurai",07397796531,https://salons.mygreentrends.in/green-trends/salon-in-madurai/salon-in-anna-nagar/green-trends-salon-in-anna-nagar-madurai--0cc740b0-c5b5-47a3-ab47-c87e1077448b/home,,"MIG, No. 312, 80 Feet Rd, opp. The Eye Foundation, Anna Nagar, Madurai, Tamil Nadu 625020",Open - Not Contacted,D
Narayana eTechno (CBSE) School - Madurai,18001023344,https://branches.narayanaschools.in/narayana-school/education-in-madurai/education-in-Masthanpatti-Road/narayana-etechnoschool-in-Masthanpatti-Road-madurai--2vc5Te/home,info@narayanagroup.com,"Toll Gate, Airport Road, Pandikovil Ring Road, Masthanpatti Rd, beside Maruti True value, Madurai, Tamil Nadu 625020",Open - Not Contacted,D
KALVI Global Matriculation School,07418413555,https://kalvischools.com/,hr@kalvischools.com,"Natham Rd, Naganakulam, Nangakulam, Madurai, Tamil Nadu 625014",Open - Not Contacted,D
Dolphin Matric Hr. Sec. School,08870274666,http://dolphinschool.co.in/,office@dolphinschool.co.in,"Bypass Rd, Ponmeni, Jay Nagar, Madurai, Tamil Nadu 625016",Open - Not Contacted,D
Royal Vidyalaya CBSE,09600805046,https://www.royalvidyalayacbse.com/,admissions@royalvidyalayacbse.com,"CITU colony, Vaazhavanthaan St, Vilangudi, Madurai, Tamil Nadu 625018",Open - Not Contacted,D
KMR International School (CBSE),07373757804,http://www.kmrschool.com/,kmrschoolmdu@gmail.com,"AH43, near Achampathu, 4 Ways Track, Vilachery, Tamil Nadu 625019",Open - Not Contacted,D
KMH Realtor,09790239313,,,"205,C5, Suguna store, 2, Anna Nagar, Madurai, Tamil Nadu 625020",Open - Not Contacted,D
RJ real estate,07639888878,https://rjrealestatelandpromiter.in/,,"261 SOURSHTRA TEACHEER COLONY, near jai sri ram dth, Madurai, Tamil Nadu 625009",Open - Not Contacted,D
Prime Realtors - Real Estates & Consultancy Firm,09363640045,,,"Anna Nagar Main Road, Anna Nagar, Madurai, Tamil Nadu 625020",Open - Not Contacted,D
MJK REAL ESTATES,09629457147,https://www.mjkrealestates.com/,,"Thavittuchanthai, New Mahalipatti Rd, Madurai, Tamil Nadu 625001",Open - Not Contacted,D
Elitesproperty Corporate Properties Services,09944495215,,,"No 1, Meenakshi Kovil St, CHOKKANATHAPURAM, Madurai Main, Madurai, Tamil Nadu 625002",Open - Not Contacted,D
"Interio by Godrej - Furniture Store in Arcot Road, Chennai",08291096373,https://stores.interio.com/godrej-interio-furniture-store-in-arcot-road-chennai-akshaya-smart-solution-home-furniture-shop-arcot-road-chennai-411348/Home?utm_source=locator&utm_medium=googleplaces,balagm@godrej.com,"47, Arcot Rd, next to Mani Mahal, Velayutham Colony, Saligramam, Chennai, Greater Chennai, Tamil Nadu 600093",Open - Not Contacted,D
Sri Sai Furnitures Wakefit Store,09840202534,http://www.srisaifurniture.com/,,"No: 81, Kundrathur Main Rd, near PNB, Ramanatheswarar Nagar, Porur, Chennai, Greater Chennai, Tamil Nadu 600125",Open - Not Contacted,D
Brown Elephant Furniture Porur,07200122923,,,"2/2, Mount Poonamallee Rd, Gandhi Nagar, Porur, Chennai, Greater Chennai, Tamil Nadu 600116",Open - Not Contacted,D
Wood Express Furniture,09094477777,http://www.woodexpress.in/,contact@littelburp.com,"82, Jawaharlal Nehru Salai, Vadapalani, Chennai, Greater Chennai, Tamil Nadu 600026",Open - Not Contacted,D
"Wooden Street - Furniture and Mattress Store in Pallikaranai, Chennai",09314444747,https://www.woodenstreet.com/furniture-store-pallikaranai-chennai?utm_source=GMB_Listing&utm_medium=website_button&utm_campaign=GMB_Traffic&utm_id=Pallikaranai_Chennai,support@woodenstreet.com,"Plot 13, Velachery Main Rd, Mailai Balaji Nagar, Karapagambal Nagar, Pallikaranai, Chennai, Greater Chennai, Tamil Nadu 600100",Open - Not Contacted,D
Zabeel Multicuisine Restaurant,,,,"Old # 50, New # 72, Perumal Koil St, Venugopal Nagar, Iyyappanthangal, Chennai, Ayyappanthangal, Tamil Nadu 600116",Open - Not Contacted,D
SKY THRU ROOFTOP RESTAURANT,09600907450,,,"3rd floor, New, 12, Mount Poonamallee Rd, Kattupakkam, Chennai, Tamil Nadu 600056",Open - Not Contacted,D
The Waterfall Restaurant,04423624488,http://www.thewaterfallrestaurant.com/,,"18, LV Prasad Rd, Thangal karai, Dhanalakshmi Colony, Vadapalani, Chennai, Greater Chennai, Tamil Nadu 600026",Open - Not Contacted,D
Copper Kitchen Porur,09677191800,http://copperkitchen.in/,contact@copperkitchen.in,"No:6, 133, Arcot Rd, near Porur Signal, Devi Nagar, Porur, Chennai, Greater Chennai, Tamil Nadu 600116",Open - Not Contacted,D
J Hind,04428150500,http://www.grthotels.com/chennai/wineanddine,,"120, Sir Thyagaraya Rd, Drivers Colony, T. Nagar, Chennai, Greater Chennai, Tamil Nadu 600017",Open - Not Contacted,D
Raj Park Hotel Chennai,04442257777,https://www.rajpark.com/alwarpet-chennai-hotel/,chennai@rajparkhotels.com,"180, TTK Rd, Parthasarathypuram, Alwarpet, Chennai, Greater Chennai, Tamil Nadu 600018",Open - Not Contacted,D
"Trident, Chennai",04422344747,https://www.tridenthotels.com/hotels-in-chennai?utm_source=GMBlisting&utm_medium=organic,reservations@tridenthotels.com,"1, 24, Grand Southern Trunk Rd, Kannan Colony, Meenambakkam, Chennai, St.Thomas Mount, Tamil Nadu 600016",Open - Not Contacted,D
Friendlystay - Elite,09840920824,,,"Plot No 20, 10th Cross, 1st St, near Karpaga Vinayagar Temple, Madha Nagar Extension 1, Mugalivakkam, Chennai, Tamil Nadu 600125",Open - Not Contacted,D
Joy Residency porur,09884884523,,,"56/3, Mugalivakkam Main Rd, Himachal Nagar, Annai Velankanni Nagar Phase 1, Madhanandapuram, Chennai, Greater Chennai, Tamil Nadu 600125",Open - Not Contacted,D
Palette - Hotel chennai le palace,01246201615,https://www.oyorooms.com/102424/,guestsupport.na@oyorooms.com,"5/9, Arcot Rd, Karambakkam, Devi Nagar, Porur, Chennai, Greater Chennai, Tamil Nadu 600116",Open - Not Contacted,D
Apollo Dental Neelankarai,09360909083,https://www.apollodentalecr.com/,,"3/4, East Coast Rd, opp. to Shanthi Hospital, Saraswathy Nagar North, Neelankarai, Chennai, Greater Chennai, Tamil Nadu 600115",Open - Not Contacted,D
Dr. Akkshaya Dental and Aesthetics | Root canal specialist | Root canal centre | Invisalign provider,08925664205,https://www.drakkshayadental.co.in/,info@drakkshayadental.com,"9, Saraswathi St, Bharath Nagar, Adambakkam, Chennai, Greater Chennai, Tamil Nadu 600088",Open - Not Contacted,D
iDentist Family Dental Care,09952248569,,,"Mugalivakkam Main Rd, Om Shakthi Nagar, Himachal Nagar, Ramji Nagar, Madhanandapuram, Chennai, Greater Chennai, Tamil Nadu 600125",Open - Not Contacted,D
JJ ROYAL DENTAL,09566049591,https://dralan.drxpro.in/,jjroyaldental@gmail.com,"MADHA NAGAR MAIN ROAD ,MOWLIVAKKAM , CHENNAI- 600 125, Chennai, Tamil Nadu 600125",Open - Not Contacted,D
32 Dental Care Madhanandapuram| Dental Clinic in Mugalivakkam - Dental Implants Speciality Hospital | Dental Implants Chennai,08754469732,https://32dentalcare.org/,marketing@32dentalcare.org,"No.3, 1593, Kundrathur Main Road, Sathyanarayana Puram Main Rd, above Sree Gupta Bhavan, Madanandapuram, Moulivakkam, Chennai, Tamil Nadu 600125",Open - Not Contacted,D
SIMS Hospitals - Multi Speciality Hospital in chennai,04420002001,https://simshospitals.com/,enquiry@simshospitals.com,"Metro No.1 Jawaharlal Nehru Road, Landmark:, next to Vadapalani, Chennai, Tamil Nadu 600026",Open - Not Contacted,D
"KEDAR HOSPITAL - Mugalivakkam, Chennai (24 Hours Multi-Speciality Hospital)",09941022244,https://kedarhospitals.com/,kedarhospital@gmail.com,"19, Mugalivakkam Main Rd, Kumudam Nagar, Porur, Chennai, Greater Chennai, Tamil Nadu 600125",Open - Not Contacted,D
Mahalakshmi Multispeciality Hospital | Best Hospital in Iyyappanthangal | Best Multispeciality Hospital in Chennai,09940442421,https://mmshospitals.com/,info@mmshospitals.com,"1/164, Mount Poonamallee Rd, VGN Nagar, Iyyappanthangal, Chennai, Ayyappanthangal, Tamil Nadu 600056",Open - Not Contacted,D
Vignesh Hospital,09500065170,,,"Vengadeswara Nagar, Porur, 36, Poothapedu Main Rd, Ramapuram, Chennai, Tamil Nadu 600116",Open - Not Contacted,D
K.M.Speciality Hospital,09962777777,,,"No 453, 453/454, RK Shanmugam Salai, Sector 6, K. K. Nagar, Chennai, Greater Chennai, Tamil Nadu 600078",Open - Not Contacted,D
BLACK BULL FITNESS STUDIO,09042603224,http://www.blackbullfitnessstudio.com/,,"No 2, Ramachandra Nagar, 1st St, Madanandapuram, Porur, Chennai, Greater Chennai, Tamil Nadu 600125",Open - Not Contacted,D
REDSWEAT FITNESS STUDIO,08870555505,,,"3/1790, 2nd floor, kundrathur main road, madanandapuarm, Porur, Chennai, Tamil Nadu 600125",Open - Not Contacted,D
Shredded Society Fitness Studio - Madhanandapuram,09840720071,,,"No 118,1st floor, Arjun Complex, Madha Nagar Main Road, Madha Nagar, Madhanandapuram, Chennai, Greater Chennai, Tamil Nadu 600125",Open - Not Contacted,D
VIVAFIT - Best Fitness Center for Women in Madhanandapuram,09994191078,https://vivafit.life/madhanandapuram/,,"ground floor, 3/805A, Mugalivakkam Main Rd, Shanmuga Nagar, Madhanandapuram, Chennai, Greater Chennai, Tamil Nadu 600125",Open - Not Contacted,D
Paxus Fitness Studio,09176669369,https://www.paxusfitnessstudio.com/,paxusfitnessstudio@gmail.com,"3/1790, 2nd floor, kundrathur main road, madanandapuarm, Porur, Chennai, Tamil Nadu 600125",Open - Not Contacted,D
"D Paris Whisk - Homemade cakes, brownies and pastries",09962242366,,,"5th Cross St, Annai Velankanni Nagar Phase 1, Madhanandapuram, Chennai, Greater Chennai, Tamil Nadu 600125",Open - Not Contacted,D
"Theobroma Bakery and Cake Shop - Porur,Chennai",08182881881,https://order.theobroma.in/order/theobroma-porur-chennai,contact@theobroma.in,"No 24, New, Trunk Rd, next to Go Gas, opposite State Bank Of India, Nethaji Nagar, Ramakrishna Nagar, Porur, Chennai, Greater Chennai, Tamil Nadu 600116",Open - Not Contacted,D
NEW ARCHANA SWEETS AND BAKERY,09551365658,,,"Shop No 1, and Wilsons ASHA, Madha Nagar Main Road, MRK Nagar, Madhanandapuram, Kanchipuram, Greater Chennai, Tamil Nadu 600125",Open - Not Contacted,D
Cake Square Madhanandhapuram - cake shop in chennai - wedding cake,09952052333,http://cakesquare.com/,cakesquarechennai@gmail.com,"Mugalivakkam Main Rd, Ponni Nagar, Moulivakkam, Chennai, Greater Chennai, Tamil Nadu 600125",Open - Not Contacted,D
La CakeBlock,07305331112,,,"3/148, chinna kulandhai street, Anna Main Rd, Kolapakkam, Chennai, Tamil Nadu 600128",Open - Not Contacted,D
Advanced GroHair & GloSkin - Tiruvallur,07579756789,https://adgrohairandgloskintiruvallur.com/,,"First floor, 86/163, JN Rd, near Girias & Post office, Periyakuppam, Kakkalur, Tamil Nadu 602001",Open - Not Contacted,D
"STYLE DESTINY - BEST UNISEX SALON - HAIR, SKIN, MAKEUP, NAIL , PERMANENT HAIR EXTENSION LEADING EXPERTS & ACADEMY",09840775220,,,"first floor, no.5, Mugalivakkam Main Rd, beside Gupta bhavan, Shanmuga Nagar, Madhanandapuram, Chennai, Greater Chennai, Tamil Nadu 600125",Open - Not Contacted,D
Naturals Salon,09003045678,https://salons.naturals.in/naturals-salon-beauty-salons-mugalivakkam-kanchipuram-289507/Home?utm_source=locator&utm_medium=googleplaces,valasaravakkam.naturals@gmail.com,"1st Floor, 1, Mugalivakkam Rd, Subbiah Nagar, Thiripurasundari Avenue, Mugalivakkam, Kanchipuram, Greater Chennai, Tamil Nadu 600125",Open - Not Contacted,D
"Cheap and Best Men's Salon, Madhanandapuram",07094099099,,,"110, Mugalivakkam Main Rd, Santosh Nagar, Madhanandapuram, Chennai, Greater Chennai, Tamil Nadu 600125",Open - Not Contacted,D
"Green Trends - Unisex Hair & Style Salon, Madhanandapuram",09500090802,https://salons.mygreentrends.in/salon-in-madhanandapuram-chennai-tamilnadu,,"2nd Floor, 84/6F, Mugalivakkam Rd, above GRACE SUPER MARKET, Thiripurasundari Avenue, Madhanandapuram, Chennai, Greater Chennai, Tamil Nadu 600125",Open - Not Contacted,D
Anand Singapore International School Chennai,08012135555,https://asis.education/,admissions@asis.education,"parvathi Avenue Madanandapuram, Udhaya Nagar Main Rd, Porur, Chennai, Tamil Nadu 600125",Open - Not Contacted,D
Ravindra Bharathi Global School,09150088903,http://www.rbglobalschools.in/,support@rstheme.com,"Rani Gopal Complex, Mugalivakkam Main Rd, Madanandapuram, Mugalivakkam, Chennai, Greater Chennai, Tamil Nadu 600125",Open - Not Contacted,D
ORCHIDS The International School - CBSE School in Manapakkam,09999431999,https://www.orchidsinternationalschool.com/chennai-branches/manapakkam/,info@orchids.edu.in,"Manapakkam Main Rd, Theresa Nagar, Kolapakkam, Chennai, Kolapakkam, Tamil Nadu 600128",Open - Not Contacted,D
St Ann's Matriculation Higher Secondary School,08012518477,http://www.stannsporur.com/,,"3/820, Bajanaikoil Street, Mugalivakkam Main Rd, Madhanandapuram, Chennai, Tamil Nadu 600125",Open - Not Contacted,D
Swamy's School,09384801123,https://www.swamysschool.com/,contact@swamysschool.com,"Padmavathi Street Santhosh Nagar Madanandapuram, Mugalivakkam, Porur, Chennai, Tamil Nadu 600125",Open - Not Contacted,D
CeeYen Real Estate Agency® || Real Estate Agents in Chennai || Real Estate Company,09042335335,http://ceeyen.com/,info@mydomain.com,"476, 2nd Floor, 19th Street, 4th sector, K. K. Nagar, Chennai, Tamil Nadu 600078",Open - Not Contacted,D
G.R Real Estate,09884274744,,,"No.1 Rani Gopal Complex, Mugalivakkam Main Rd, Mugalivakkam, Ramji Nagar, Madhanandapuram, Chennai, Tamil Nadu 600125",Open - Not Contacted,D
Home Konnect® - CRISIL Rated & RERA Registered Real Estate Consultants Award Winning Top Rated Real Estate Agency,09940366555,https://www.homekonnect.com/,,"No. 5B, 5th Floor, Doshi Towers Old No. 156, New No. 205, Poonamallee High Rd, Kilpauk, Chennai, Tamil Nadu 600010",Open - Not Contacted,D
RS REALTY - Best Real Estate in Pallavaram - Chennai,09840289542,https://rsrealty.net/,rsrealty20@gmail.com,"2nd Floor, 74, Grand Southern Trunk Rd, Sunnambu Colony, Pallavaram, Chennai, Tamil Nadu 600043",Open - Not Contacted,D
NANDHU REAL ESTATE,07401634397,,,"44, Poonamallee High Rd, near MGR University Road, Vishwas Nagar, Maduravoyal, Chennai, Greater Chennai, Tamil Nadu 600095",Open - Not Contacted,D
"The Sleep Company Experience Store - Bannerghatta Rd, Billekahally",07304417550,https://thesleepcompany.in/pages/mattress-store-in-bannerghatta?utm_source=locator&utm_medium=googleplaces,,"262, Billekahally, Bannerghatta Rd, Sundar Ram Shetty Nagar, Bilekahalli, Bengaluru, Karnataka 560076",Open - Not Contacted,D
Malnad Furnitures,09844054322,https://malnadfurnitures.com/,,"29, TC Palya Main Rd, near Bharath Petroleum, Hoysala Nagar, Ramamurthy Nagar, Bengaluru, Karnataka 560016",Open - Not Contacted,D
"Interio by Godrej - Furniture & Mattress Store in Kasturaba Road, Bengaluru",08291288560,https://stores.interio.com/interio-by-godrej-furniture-mattress-store-in-kasturaba-road-bengaluru-kasturba-road-store-home-furniture-shop-kasturaba-road-bengaluru-275554/Home?utm_source=locator&utm_medium=googleplaces,kush@godrej.com,"Shop No 10A, Chandra Kiran Building, Kasturba Cross Rd, opposite Cubban Park Police Station, Shanthala Nagar, Ashok Nagar, Bengaluru, Karnataka 560001",Open - Not Contacted,D
Furnishka JP Nagar - Furniture Shop in Bangalore | Flagship Store,09740528341,"https://www.furnishka.com/?utm_source=Website%20GMB%20Button&utm_medium=GMB%20JP%20Nagar,%20Bangalore&utm_campaign=Furnishka",,"13, Outer Ring Rd, above Federal Bank, JP Nagar 6th Phase, MG Layout, JP Nagar Phase 6, J. P. Nagar, Bengaluru, Karnataka 560078",Open - Not Contacted,D
Cherrypick India - Best Furniture Shop in Bangalore,09108953820,https://www.cherrypickindia.in/,livenstyle@gmail.com,"2, 20th Main Rd, opposite Koramangala Indoor Stadium, Nanjappa Reddy Layout, Koramangala 8th Block, Koramangala, Bengaluru, Karnataka 560095",Open - Not Contacted,D
"Karavalli - Vivanta Bengaluru, Residency Road",08066604545,https://www.vivantahotels.com/en-in/hotels/vivanta-bengaluru-residency-road/restaurants/karavalli-bengaluru-residency-road,,"Vivanta, 66, Residency Rd, Srinivas Nagar, Shanthala Nagar, Ashok Nagar, Bengaluru, Karnataka 560025",Open - Not Contacted,D
"Gufha Restaurant, Kumarapark",09019908004,https://www.paihotels.com/the-president-hotel-kumara-park-bangalore/restaurants/restaurants.html,enquiry@presidenthotel.in,"101, Railway Parallel Rd, Kumarapark West, Kumara Park West, Seshadripuram, Bengaluru, Karnataka 560020",Open - Not Contacted,D
Spice Terrace,08884675454,https://www.marriott.com/en-us/hotels/blrjw-jw-marriott-hotel-bengaluru/dining/?scid=feed67b0-9a2f-4de1-8df6-114544116108,,"24, JW Marriott Bengaluru, 1, Vittal Mallya Rd, Ashok Nagar, Bengaluru, Karnataka 560001",Open - Not Contacted,D
Bengaluru Restaurant,,https://restaurant-bengaluru.ueniweb.com/?utm_campaign=gmb,pijushsarkar908@gmail.com,"Ganigara, C, Gurkar Ramanayak Ln, Bengaluru, Karnataka 560002",Open - Not Contacted,D
Jamavar,08951974426,https://www.theleela.com/the-leela-palace-bengaluru/restaurants/jamavar?utm_source=GMBlisting&utm_medium=organic&utm_campaign=gbp-leela-palace-bengaluru-jamavar&utm_content=restaurant-website-click,reservations@theleela.com,"23, The Leela Palace, HAL Old Airport Rd, HAL 2nd Stage, Kodihalli, Bengaluru, Karnataka 560008",Open - Not Contacted,D
"The Fern Residency Bengaluru, Yeshwanthpur, Series by Marriott",08043578900,https://www.marriott.com/en-us/hotels/blrrb-the-fern-residency-bengaluru-yeshwanthpur-series/overview/?scid=f2ae0541-1279-4f24-b197-a979c79310b0,,"6, 1, Tumkur Rd, next to Sparsh Hospital, Yeshwanthpur Industrial Area, Phase 1, Yeswanthpur, Bengaluru, Karnataka 560022",Open - Not Contacted,D
Parijatha Gateway,08043111111,http://www.parijathahotels.com/,,"No.26/4, & 5, Dr Rajkumar Rd, opp. Govt. Soap Factory, Rajajinagar, Bengaluru, Karnataka 560055",Open - Not Contacted,D
The LaLiT Ashok Bengaluru,08068177777,https://www.thelalit.com/the-lalit-bangalore/,resvblr@thelalit.com,"Kumarakrupa Rd, High Grounds, Seshadripuram, Bengaluru, Karnataka 560001",Open - Not Contacted,D
The Chancery Pavilion,08041414141,https://chanceryhotels.com/pavilion/,jobs@chanceryhotels.com,"135, Residency Rd, Shanthala Nagar, Ashok Nagar, Bengaluru, Karnataka 560025",Open - Not Contacted,D
"Vivanta Bengaluru, Residency Road",08066604545,https://www.vivantahotels.com/en-in/hotels/vivanta-bengaluru-residency-road?utm_source=google&utm_medium=local&utm_campaign=vivanta-bengaluru-residency-road&utm_content=vivanta-bengaluru-residency-road-gmb,,"66, Residency Rd, Ashok Nagar, Bengaluru, Karnataka 560025",Open - Not Contacted,D
Ethicura Dental,09845728378,https://www.ethicuradental.in/,ethicuradental@gmail.com,"No.15, 1st Floor, 19th Main Road, 60 Feet Rd, 6th Block, Koramangala, Bengaluru, Karnataka 560095",Open - Not Contacted,D
Apollo Dental CMH Road (Indiranagar),09071055544,https://apollodentalindiranagar.com/,info@apollodentalindiranagar.com,"1st Floor, Chinmaya Mission Hospital Rd, opp. to Metro Pillar 81, 2nd Stage, Indira Nagar II Stage, Hoysala Nagar, Indiranagar, Bengaluru, Karnataka 560008",Open - Not Contacted,D
Chisel Dental Clinic,09972117009,https://www.chiseldental.co.in/,chiseldentalclinics@gmail.com,"18, 1st Main Rd, opposite Ambur Biryani, Near Wipro Park, 1st Block Koramangala, Koramangala, Bengaluru, Karnataka 560034",Open - Not Contacted,D
Sky Dental Clinic,09353248386,https://skydentalbengaluru.zoca.com/?utm_source=googlemaps&utm_medium=googlemaps&utm_campaign=googlemaps,skydentalclinic.sahakarnagar@gmail.com,"618, 80 Feet Rd, near maharaja signal, 4th Block, Koramangala, Bengaluru, Karnataka 560034",Open - Not Contacted,D
Amaya Dental Clinic - Dental Clinic in Vasant Nagar,09591895500,https://www.amayadental.in/,amayadental.ind@gmail.com,"1st Floor, 8/1, Palace Cross Rd, Vasanth Nagar, Bengaluru, Karnataka 560052",Open - Not Contacted,D
The Bangalore Hospitals,08317310513,https://bangalorehospitals.in/,info@bangalorehospitals.in,"202, Rashtriya Vidyalaya Rd, 2nd Block, Basavanagudi, Bengaluru, Karnataka 560011",Open - Not Contacted,D
The Bangalore Hospitals Kengeri | Best Hospital in Bangalore,09090804680,https://www.bangalorehospitals.in/,info@bangalorehospitals.in,"1st Block, 3P/2, 60 Feet Rd, behind Shirke Apartment, Jnanabharathi Layout, Valgerahalli, Kengeri Satellite Town, Bengaluru, Karnataka 560059",Open - Not Contacted,D
"SPARSH Hospital, Infantry Road",08065913403,https://www.sparshhospital.com/hospitals/sparsh-hospital-infantry-road/,customercare@sparshhospital.com,"No 146, Prestige Opal, Infantry Rd, opp. Police Commissioner’s office, Vasanth Nagar, Bengaluru, Karnataka 560001",Open - Not Contacted,D
Bangalore Baptist Hospital,08046404700,http://www.bbh.org.in/,,"Bellary Rd, Vinayakanagar, Hebbal, Bengaluru, Karnataka 560032",Open - Not Contacted,D
South City Hospital,07204931879,https://southcityhospital.com/,info@southcityhospital.com,"53, SHALINI’, Mavalli, Main Road, Rashtriya Vidyalaya Rd, near Lalbagh West Gate on, Upparahalli, Mavalli, Bengaluru, Karnataka 560004",Open - Not Contacted,D
Live Fitness Gym - Best Gym in JP Nagar,09916681826,https://live-fitness-gym-jp-nagar-website.vercel.app/,,"Richie Rich Tours & travels, LIC Row House, N-2, 24th Main Rd, near SSMRV Dental College, TMC Layout, 1st Phase, J. P. Nagar, Bengaluru, Karnataka 560078",Open - Not Contacted,D
Spark3fitness Best Gym in Bangalore,08147157333,https://spark3fitness.in/,spark3fitness3@gmail.com,"28 1st cross Ramaiah Layout Kammanahalli Main Road, Post, opp. st Charles School, St Thomas Town, Kacharakanahalli, Bengaluru, Karnataka 560084",Open - Not Contacted,D
Rockwall Fitness,08049915898,http://rockwallfitness.in/,rockwallfitness99@gmail.com,"2nd Floor, Krishna Nagar Industrial Area, No.4, Hosur Main Road, next to Royal Enfield showroom, Venkateshwara Layout, S.G. Palya, Bengaluru, Karnataka 560030",Open - Not Contacted,D
ICONIC FITNESS KORAMANGALA 1st BLOCK - Largest fitness chain in Bangalore | Best Rated | Unisex Fitness Centers | Gx Studios,07026276888,https://iconicfitnessindia.lovable.app/all-club-access?utm_source=Google&utm_medium=GMB&utm_campaign=Iconic-Fitness-Koramangala-1st-block,,"43, 5th A Main Rd, near Wipro Park, 1st Block Koramangala, Koramangala, Bengaluru, Karnataka 560034",Open - Not Contacted,D
4K Fitness Club,09686333738,,,"2nd Floor, 20, Langford Rd, Akkithimana Halli, Bheemanna Garden, Shanti Nagar, Bengaluru, Karnataka 560027",Open - Not Contacted,D
Glen's Bakehouse,08041124894,,,"24/1, Lavelle Road, Shanthala Nagar, Ashok Nagar, Bengaluru, Karnataka 560001",Open - Not Contacted,D
Thom’s Bakery,08867579013,https://thomsonline.in/product-category/bakery/cakes-pastries/,thomsbakeryonline@gmail.com,"26, Promenade Rd, Sindhi Colony, Fraser Town, Bengaluru, Karnataka 560005",Open - Not Contacted,D
"O.G. Variar and Sons, Variar Bakery",08023324808,http://www.ogvariarbakery.com/,ogvariarbakery@gmail.com,"68, 12th Main Road, 2nd Block Behind ESI Hospital, 231, 38th Cross Rd, opp. to Anjaneya Swamy Temple, 2nd Block, Rajajinagar, Bengaluru, Karnataka 560010",Open - Not Contacted,D
Lamara Patisserie,09606020090,http://www.lamara.in/,,"85, Challaghatta, Bengaluru, Karnataka 560037",Open - Not Contacted,D
"Theobroma Bakery and Cake Shop - Vittal Mallya Road, Bengaluru",08182881881,https://order.theobroma.in/order/theobroma-vittal-mallya-road-bengaluru,contact@theobroma.in,"Ground Floor, 36, Vittal Mallya Rd, Shanthala Nagar, Ashok Nagar, Bengaluru, Karnataka 560001",Open - Not Contacted,D
Plum & Sugar Salon & Spa - JP Nagar,09980033108,https://www.plumnsugar.com/?utm_source=google&utm_medium=wix_google_business_profile&utm_campaign=7553764222669244926,,"Kalyani Magnum Road, 87, 3rd Main Rd, near M K Ahemad Supermarket, JP Nagar 4th Phase, Dollars Colony, Phase 4, J. P. Nagar, Bengaluru, Karnataka 560078",Open - Not Contacted,D
D5N Malleshwaram,09902984586,http://www.d5ngroup.com/,d5nbeautylounge@gmail.com,"Roopashree Nilayam, 186(83/1), 6th Main Road, 18th Cross Rd, Malleshwaram, Bengaluru, Karnataka 560055",Open - Not Contacted,D
SALON SQUEEZE - THE BEST HAIRSTYLIST IN BANGALORE / THE BEST SALON IN BANGALORE,09986769440,https://salonsqueeze.in/,,"1st Floor, Sophia's Choice Building, 104, St Mark's Rd, Shanthala Nagar, Ashok Nagar, Bengaluru, Karnataka 560001",Open - Not Contacted,D
Vurve Salon | Indira Nagar,06361853851,http://www.vurvesalon.com/,marketing@vurvesalon.com,"1st Floor, Icon Mall, 2981, 12th Main Rd, Indiranagar, Bengaluru, Karnataka 560008",Open - Not Contacted,D
Zill salon - Best hair color in Bangalore | Best Unisex Salon in Bangalore,08861505786,,,"No. 5/13, Jackson Heights, Milton street, Wheeler Rd Ext, Cooke Town, Bengaluru, Karnataka 560005",Open - Not Contacted,D
St Joseph’s School (CBSE),08022226045,https://sjscbse.edu.in/,stjipps@gmail.com,"XHCW+C6X, Grant Rd, KG Halli, D' Souza Layout, Ashok Nagar, Bengaluru, Karnataka 560001",Open - Not Contacted,D
Global Indian International School in Whitefield - CBSE School in Bangalore,18005722810,https://globalindianschool.org/bangalore/whitefield?utm_source=gmb&utm_medium=organic&utm_campaign=gmb_traffic,,"No 5,6,8, Whitefield Sarjapur Main Road, Gunjur Rd, Heggondahalli Village, Heggondanahalli, Karnataka 560087",Open - Not Contacted,D
EuroSchool HSR - ICSE / ISC School,08069832151,https://www.euroschoolindia.com/best-schools-in-bangalore/icse-hsr-layout/?utm_source=google&utm_medium=organic&utm_id=gmb_listing,connect@euroschoolindia.com,"Garden Club, 19th Main, C.A. 13, 25th Cross Rd, HSR Extension, Sector 2, HSR Layout, Bengaluru, Karnataka 560102",Open - Not Contacted,D
EuroSchool North Campus - CBSE School Yelahanka,08069832150,https://www.euroschoolindia.com/best-schools-in-bangalore/cbse-yelahanka-north-campus/?utm_source=google&utm_medium=organic&utm_id=gmb_listing,connect@euroschoolindia.com,"North Campus, Survey No – 27, Srinivasa Pura Village, Kogilu Main Rd, Yelahanka Hobli, Bellahalli, Bengaluru, Karnataka 560064",Open - Not Contacted,D
EuroSchool Chimney Hills - CBSE School,08069832143,https://www.euroschoolindia.com/best-schools-in-bangalore/cbse-chimney-hills/?utm_source=google&utm_medium=organic&utm_id=gmb_listing,connect@euroschoolindia.com,"Survey No.15, Hesarghatta Rd, Chikkasandra, Chikkabanavara, Bengaluru, Karnataka 560090",Open - Not Contacted,D
New Karnataka Real Estate Agency,08088898178,https://newkarnatakarealestatemna.com/,info@newkarnatakarealestatemna.com,"Anjanadri layout, 187, 1st main cross road, Sinthan Nagar, Unity Nagar, Rachenahalli, Thanisandra, Bengaluru, Karnataka 560077",Open - Not Contacted,D
BrokerInBlue - Professional Real Estate Brokers,07760947777,https://brokerinblue.com/,hello@brokerinblue.com,"#82, 80 Feet Rd, KGE Layout, R.M.V. 2nd Stage, Bengaluru, Karnataka 560094",Open - Not Contacted,D
MR Real Estate,08748001723,,,"39b, 18th A Main Rd, Sector 3, HSR Layout, Bengaluru, Karnataka 560102",Open - Not Contacted,D
Snehaloka Estates and Properties,09738892927,http://snehalokaproperties.com/,snehalokaproperties@gmail.com,"ganesha, Sawmill Rd, Kempegowdanagar, Maheswari Nagar, T. Dasarahalli, Bengaluru, Karnataka 560057",Open - Not Contacted,D
MaiSai Realty - Real estate agency,08050276328,https://maisairealty.com/,info@maisairealty.com,"1st Floor, hig House, 457, 5th Main Rd, Dollars Colony, R.M.V. 2nd Stage, Bengaluru, Karnataka 560094",Open - Not Contacted,D
The Sleep Company Experience Store - Kompally,07304417550,https://thesleepcompany.in/pages/mattress-store-in-kompally?utm_source=locator&utm_medium=googleplaces,,"Besides - D Mart, 1-076/2, NCL Enclave South, Canton Residential TWP, Petbasheerabad, Kompally, Hyderabad, Telangana 500067",Open - Not Contacted,D
"Interio by Godrej - Furniture and Mattress Store in Abid Rd, Hyderabad",09167990236,https://stores.interio.com/interio-by-godrej-furniture-and-mattress-store-in-abid-rd-hyderabad-abids-store-home-furniture-shop-abids-hyderabad-285053/Home?utm_source=locator&utm_medium=googleplaces,cprakash@godrej.com,"5/8/537/541, Abids Road, opposite Taj Mahal Hotel, Chirag Ali Lane, Abids, Hyderabad, Telangana 500001",Open - Not Contacted,D
Tirumala Furnitures,09333006003,https://www.tirumalafurnitures.in/,,"Plot No 43, 44, Kukatpally, Pragathi Nagar, Hyderabad, Telangana 500090",Open - Not Contacted,D
"Wooden Street - Furniture and Mattress Store in Banjara Hills, Hyderabad",09314444747,https://www.woodenstreet.com/furniture-store-in-banjara-hills-hyederabad?utm_source=GMB_Listing&utm_medium=website_button&utm_campaign=GMB_Traffic&utm_id=Banjara_Hills_Hyderabad,support@woodenstreet.com,"1st Floor, 8-2, 701, Road No. 12, beside Century Super Speciality Hospital, Amudi Nagar, Bhola Nagar, Banjara Hills, Hyderabad, Telangana 500034",Open - Not Contacted,D
Andhra Pradesh Furnitures,04023202221,http://ap.furniture/,,"5-8-106, Nampally Station Rd, Mahesh Nagar, Abids, Hyderabad, Telangana 500001",Open - Not Contacted,D
Blue Sea Restaurant,08247066797,https://blue-sea-restaurant.grexa.site/,,"Hyderguda-Basheerbagh Rd, Gun Foundry, Basheer Bagh, Hyderabad, Telangana 500001",Open - Not Contacted,D
Parampara - Flavours Of India,08074932383,http://www.paramparafoi.in/,,"ANR Centre, Road No. 1, Naveen Nagar, Banjara Hills, Hyderabad, Telangana 500034",Open - Not Contacted,D
Hotel Shadab,09642421990,http://www.shadab.ai/,support@shadab.com,"Madina Circle, 21-1-140-144, High Court Rd, near High Court, Charminar, Ghansi Bazaar, Hyderabad, Telangana 500012",Open - Not Contacted,D
ANANDOBRAHMA (Fine Dine Restaurant),09613056789,,,"7-1, 208&209A, beside Satyam Theatre Road, Swathi Avenue, Ameerpet, Hyderabad, Telangana 500016",Open - Not Contacted,D
Jewel Of Nizam- The Golkonda Hotel Banjara Hills,04066110101,http://www.thegolkondahotel.com/,info@thegolkondahotel.com,"D No. 10/1/124, The Golkonda Hotel, Saifabad Rd, Masab Tank, Hyderabad, Telangana 500004",Open - Not Contacted,D
Courtyard by Marriott Hyderabad,04066522222,https://www.marriott.com/en-us/hotels/hydcy-courtyard-hyderabad/overview/?scid=f2ae0541-1279-4f24-b197-a979c79310b0,,"1-3-1024, Lower Tank Bund Rd, Bhagyalaxmi Nagar, Kavadiguda, Hyderabad, Telangana 500080",Open - Not Contacted,D
Hotel SM Deccan Park Airport zone,07330977077,http://www.smhotels.in/,reservation@smhotels.in,"11-3/4, Brindavan Colony, Shamshabad, Hyderabad, Telangana 501218",Open - Not Contacted,D
Hyderabad Marriott Hotel & Convention Centre,04066522999,https://www.marriott.com/en-us/hotels/hydmc-hyderabad-marriott-hotel-and-convention-centre/overview/?scid=f2ae0541-1279-4f24-b197-a979c79310b0,,"Tank Bund Rd, opposite Hussain Sagar, Bhagyalaxmi Nagar, Lake, Hyderabad, Telangana 500080",Open - Not Contacted,D
Hotel Grand Himayat,04046049792,http://www.hotelgrandhimayat.com/,reservations@hotelgrandhimayat.com,"Hotel Grand Himayat Plot No. 3-6-552 to 558 &558/1, opp. Minerva, Himayatnagar, Hyderabad, Telangana 500029",Open - Not Contacted,D
"Lemon Tree Hotel, Banjara Hills, Hyderabad",04046121212,https://www.lemontreehotels.com/lemon-tree-hotel/hyderabad/banjara-hills-hyderabad?utm_source=google&utm_medium=organic&utm_campaign=gmb_listing,reservations@lemontreehotels.com,"Next, CARE HOSPITALS BANJARA HILLS, Road No. 1, Prem Nagar, Banjara Hills, Hyderabad, Telangana 500034",Open - Not Contacted,D
Park Dental Care (Kondapur) | Invisalign Treatment Centre,06262858524,https://parkdentalcare.in/dental-clinic-kondapur,,"2nd Floor, Plot no 54, Jubilee Enclave, HITEC City, Kondapur, Hyderabad, Telangana 500081",Open - Not Contacted,D
"Olive's Dental World - Madhapur, Hyderabad",09542032323,https://olivesdentalworld.com/,olivesdentalworld@gmail.com,"Fortune Icon, Beside Jrt's Dream homes Road Number 7, Avenue 3, Kakatiya Hills, Kavuri Hills, Madhapur, Hyderabad, Telangana 500081",Open - Not Contacted,D
"GA Dental Clinic - Banjara Hills, Hyderabad",09505443330,https://consult.gadentalclinics.com/,,"Banjara Castle, Diagonal to Century Hospital, 1, Road No. 12, opp. ELBIT Diagnostics, Amrutha Estate, Sri Ram Nagar Colony, Banjara Hills, Hyderabad, Telangana 500028",Open - Not Contacted,D
HyderabadSmiles,08801627272,https://hyderabadsmiles.com/,hyderabadsmiles@gmail.com,"FLAT NO 273, 1-65/2/272, near D MART, Kavuri Hills, Madhapur, Hyderabad, Telangana 500081",Open - Not Contacted,D
HYDERABAD DENTAL HOSPITAL & IMPLANT CENTRE,09705856879,https://www.hyderabaddentalhospitals.com/,hyddental2004@gmail.com,"Minerva Hotel Lane, 3-6-236/1, beside Mirosa Cafe, AP State Housing Board, Himayatnagar, Hyderabad, Telangana 500029",Open - Not Contacted,D
Yashoda Hospitals | Best Hospital in Somajiguda,04067232348,https://www.yashodahospitals.com/locations/somajiguda/,query@yashodamail.com,"6-3-905, Raj Bhavan Rd, Matha Nagar, Somajiguda, Hyderabad, Telangana 500082",Open - Not Contacted,D
Aster Prime Hospital - Best Multispeciality Hospital in Hyderabad,04049594959,https://www.asterhospitals.in/hospitals/aster-prime-hyderabad,customercare.india@asterhospital.com,"Plot No 4, HMDA Maitrivanam, Satyam Theatre Rd, beside Blue Fox Hotel, Kumar Basti, Srinivasa Nagar, Ameerpet, Hyderabad, Telangana 500038",Open - Not Contacted,D
Medicover Hospitals - Best Hospital in Hyderabad - Hitech City,04068334455,https://www.medicoverhospitals.in/hospitals/telangana/hyderabad/hitec-city/?utm_source=google&utm_medium=organic&utm_campaign=gmb-hitech-hyderabad,info@medicoverhospitals.in,"the Lane of IBIS Hotels, Behind Cyber Towers, In, HUDA Techno Enclave, HITEC City, Hyderabad, Telangana 500082",Open - Not Contacted,D
Apollo Hospitals | Best Hospital in Jubilee Hills Hyderabad,04069071200,https://www.apollohospitals.com/hospitals/apollo-health-city-jubilee-hills,apollohealthcityhyd@apollohospitals.com,"Road No 72, opp. Bharatiya Vidya Bhavan School, Film Nagar, Jubilee Hills, Hyderabad, Telangana 500033",Open - Not Contacted,D
PACE Hospitals,04048486868,https://www.pacehospital.com/,,"Metro Pillar Number C1775, 18, Hitech City Rd, HUDA Techno Enclave, HITEC City, Hyderabad, Telangana 500081",Open - Not Contacted,D
Fitmap - Banjara Hills,08121330888,https://www.fitmap.in/,,"4th Floor, Jyoti Majestic, Road No. 2, Banjara Hills, Hyderabad, Telangana 500034",Open - Not Contacted,D
Sport Life Fitness Club,06303889740,,,"1st Floor Pillar No 86, Sophria Plaza, beside Sophria Private Limited, 13-6-431/D/88, Hyderabad, Telangana 500006",Open - Not Contacted,D
Retro Fit Gym Kothapet | Best Gym in East Hyderabad,09700810999,https://retrofitgym.com/,retrofitgymlh@gmail.com,"11-13-1372 & 1373, Above Mega MORE Beside Astalakshmi Temple Kaman, Dwaraka Nagar Colony, Kothapet, Hyderabad, Telangana 500102",Open - Not Contacted,D
Gold's Gym Banjara Hills,09550410111,https://goldsgym.in/our-gyms/gold-s-gym-hyderabad-banjara-hills/,banjarahills.hyd@goldsgym.in,"8-2 701/2, Road No. 12, Amudi Nagar, Bhola Nagar, Banjara Hills, Hyderabad, Telangana 500028",Open - Not Contacted,D
"Millennium Fitness Club - Available on cult.fit | Best gym in Panjagutta, Hyderabad",09000073242,https://www.cult.fit/cult/cult-pass/hyderabad/Millennium-Fitness-Club/77?utm_source=gmb&utm_medium=organic,,"6-3-670, Punjagutta Rd, above Reliance Digital, beside venkateswara swamy temple, Durga Nagar Colony, Punjagutta, Hyderabad, Telangana 500082",Open - Not Contacted,D
Subhan bakery,04023317571,http://www.subhanbakery.in/,irfan@subhanbakery.com,"11-6-467, Nampally Darga Rd, Devi Bagh, Red Hills, Nampally, Hyderabad, Telangana 500001",Open - Not Contacted,D
Karachi Bakery - Banjara Hills,09100990873,http://www.karachibakery.com/,karachisrinagar@gmail.com,"Unit No. 30, Khanchand Towers, Inner Ring Rd, Shyam Rao Nagar, Banjara Hills, Hyderabad, Telangana 500034",Open - Not Contacted,D
Labonel - Banjara Hills,09581774709,http://www.labonelfinebaking.shop/,,"Ground Floor, NCC Ground, 6-3-249/5/1, Road No. 1, opposite City Centre, Naveen Nagar, Banjara Hills, Hyderabad, Telangana 500034",Open - Not Contacted,D
Bakers Harvest,07036844444,https://bakersharvest.com/,info@bakersharvest.com,"1 & 2, Meenakshi Bamboo's, Commercial Complex, near Ramky Tower's, Bamboos, Phase 2, Gachibowli, Hyderabad, Telangana 500032",Open - Not Contacted,D
Karachi Bakery,07032888731,http://www.karachibakery.com/,karachisrinagar@gmail.com,"Shop No.5, NH 44, Jambagh Rd, Mozamjahi Market, Malakunta, Jam Bagh, Hyderabad, Telangana 500001",Open - Not Contacted,D
Anceita Skin And Hair Clinic,07997990414,https://anceitaclinic.com/,info@ancetacare.com,"Flat No.301, 3rd Floor, In Park View Edifice, Road No. 1, Nandagiri Hills, Jubilee Hills, Hyderabad, Telangana 500033",Open - Not Contacted,D
"Amjad Habib Hair & Beauty Salon, Alkapur.",09052024777,https://amjad-habib-alkapur.salon4u.in/,,"1st Floor, Block- C, H. No. 7-16-38C, Plot No. 38, Survey No. 176, Road, Alkapur Twp, Gandipet, Hyderabad, Telangana 500089",Open - Not Contacted,D
"Bounce Salons, Banjara Hills",09030010188,http://www.bouncehere.com/,,"1st floor, 12th Square, Shop no. 8, 2-686/8/6/1a, Road No. 12, above Pepperfry, Banjara Hills, Hyderabad, Telangana 500034",Open - Not Contacted,D
"Page 3 La' Beige luxury salon, Jubilee Hills, Hyderabad",08248751422,https://luxurysalonhyderabad.com/page-3-luxury-salon-jubilee-hills-hyderabad/,,"8-2-293/82/A/271/102, Apurupa BDR Road No 10 Jubilee Hills Opp to Diamond, Next to zero 40, above ICICI bank, Hyderabad, Telangana 500033",Open - Not Contacted,D
Bubbles Hair and Beauty Salon,09032765577,https://bubblessalon.in/,jane@framer.com,"B, Plot No 21B, Journalist Colony, opp. KBR Park, Jubilee Hills, Hyderabad, Telangana 500096",Open - Not Contacted,D
"Akshara International School, L B Nagar",09023079999,https://akshara.edu.in/l-b-nagar/,admission@akshara.edu.in,"Inner Ring Rd, Sagar Enclave, Bairamalguda, Telangana 500079",Open - Not Contacted,D
EuroSchool Hyderabad - CBSE School,08069832141,https://www.euroschoolindia.com/best-schools-in-hyderabad/cbse-gachibowli-hitech-city/?utm_source=google&utm_medium=organic&utm_id=gmb_listing,connect@euroschoolindia.com,"No. 54, Near Hotel Quality Pearl inn Road Diamond Hills Lumbini Avenue, Gachibowli, HITEC City, Hyderabad, Telangana 500032",Open - Not Contacted,D
Delhi School of Excellence Banjara Hills-Top CBSE Schools in Hyderabad,09248072019,https://www.dsehyd.com/,principal.at@dsehyd.com,"8-2-404/1, Road No.6, Opposite Street GVk, Green Valley, Banjara Hills, Hyderabad, Telangana 500034",Open - Not Contacted,D
ORCHIDS The International School - CBSE School in Jubilee Hills,09999431999,http://www.orchidsinternationalschool.com/hyderabad-branches/jubilee-hills/?utm_source=googlemaps&utm_medium=website&utm_campaign=maps-listing,info@orchids.edu.in,"Road No. 36, opp. Balaji Grand Bazaar, Kakatiya Hills, Guttala_Begumpet, Kavuri Hills, Jubilee Hills, Hyderabad, Telangana 500033",Open - Not Contacted,D
The Premia Academy - Best International School in Hyderabad,,https://thepremiaacademy.com/?utm_source=gmb&utm_medium=organic,admissions@thepremiaacademy.com,"Pillar Number 102, The Premia Academy 501, Sahu Road, Attapur, Mehdi Colony, Karwan, Hyderabad, Telangana 500008",Open - Not Contacted,D
Suraj Real Estates,09603623555,https://surajrealestates.com/,surajrealestates@gmail.com,"8-2-299/82/W/83, Durga Bhavani Nagar, Women's Welfare Housing Society, Jubilee Hills, Hyderabad, Telangana 500033",Open - Not Contacted,D
Shajwal - Find Your Dream Property,07997701234,https://shajwal.com/,info@shajwal.com,"Plot No. 9/246, Road No. 18, Rock Town Colony, Rock Town Residents Colony, Sai Nagar, Chanakyapuri, Hyderabad, Telangana 500068",Open - Not Contacted,D
Dharmas Real Estate Services,09000700575,http://dharmas365.in/,info@dharmas365.in,"Flat# 104, Sri Nilayam, Plot# 216, Calvary Temple Rd, opposite Miyapur Metro Station, Mathrusree Nagar, Hafeezpet, Hyderabad, Telangana 500049",Open - Not Contacted,D
Real Estate agents in Hyderabad | Deccan Progressive Realty.LLP,09549546568,http://dprprop.com/,info@dprprop.com,"Plot no.68, Senore Colony, Veterinary Colony, Ambedkar Nagar, Hyderabad, Telangana 500096",Open - Not Contacted,D
Rebridz Realtors,08074246557,https://rebridz.com/,,"1st Floor, Trendz BSR, Plot No. 10, Greenland Colony, Madhava Reddy Colony, Gachibowli, Hyderabad, Telangana 500032",Open - Not Contacted,D
